resistance, near_max, far_max, ratio
500,-3.808618,-57.67059,5.368576599
1000,-24.35088,-58.41655,3.940891531
1500,-35.17842,-59.17419,3.216533451
2000,-41.86368,-59.87345,2.778470456
2500,-46.40222,-60.50375,2.484957746
3000,-49.68476,-61.06877,2.274629586
3500,-52.1698,-61.57547,2.116462283
4000,-54.11625,-62.03121,1.993244897
4500,-55.68218,-62.44254,1.894528056
5000,-56.96964,-62.81519,1.813598411
